<?xml version="1.0" encoding="utf-8"?>
<extension type="component" version="1.6.0" method="upgrade">
    <name>com_myapps</name>
    <creationDate>2012-10-10</creationDate>
    <copyright>Copyright (C) 2012. All rights reserved.</copyright>
    <license>GNU General Public License version 2 or later; see LICENSE.txt</license>
    <author>zhang.jiachao</author>
    <authorEmail>info@lamp99.com</authorEmail>
    <authorUrl>http://www.lamp99.com</authorUrl>
    <version>2.3.8</version>
    <description>Joomla2.5通用 组件！！！</description>
    
    <install> <!-- Runs on install -->
        <sql>
            <file driver="mysql" charset="utf8">sql/install.mysql.utf8.sql</file>
        </sql>
    </install>
    <uninstall> <!-- Runs on uninstall -->
        <sql>
            <file driver="mysql" charset="utf8">sql/uninstall.mysql.utf8.sql</file>
        </sql>
    </uninstall>

    <files folder="site">
        <filename>index.html</filename>
        <filename>myapps.php</filename>
        <filename>controller.php</filename>
        <filename>router.php</filename>
        <folder>views</folder>
        <folder>models</folder>
        <folder>controllers</folder>
        <folder>helpers</folder>
    </files>
    <languages folder="site">
        <language tag="en-GB">language/en-GB.com_myapps.ini
        </language>
    </languages>
    <administration>
        <menu img="components/com_myapps/assets/images/s_com_myapps.png" >COM_MYAPPS</menu>
        <submenu>
            
			<menu link="option=com_myapps&amp;view=tab1list" view="tab1list" img="components/com_myapps/assets/images/s_tab1list.png" alt="Myapps/Tab1list">COM_MYAPPS_TAB1LIST</menu>

        </submenu>
        <files folder="administrator">
            <filename>access.xml</filename>
            <filename>config.xml</filename>
            <filename>controller.php</filename>
            <filename>index.html</filename>
            <filename>myapps.php</filename>
            <folder>controllers</folder>
            <folder>assets</folder>
            <folder>helpers</folder>
            <folder>models</folder>
            <folder>sql</folder>
            <folder>tables</folder>
            <folder>views</folder>
        </files>
        <languages folder="administrator">
            <language tag="en-GB">language/en-GB.com_myapps.ini
            </language>
            <language tag="en-GB">language/en-GB.com_myapps.sys.ini
            </language>
        </languages>
    </administration>
</extension>
<!-- Component built by the Joomla Component Creator -->
<!-- http://www.notwebdesign.com/joomla-component-creator/ -->
