<?xml version="1.0" encoding="utf-8"?>
<!DOCTYPE install SYSTEM "http://dev.joomla.org/xml/1.5/component-install.dtd">
<install type="component" version="1.5.0" method="upgrade">
	<name>Akeeba</name>
	<creationDate>2012-01-29</creationDate>
	<author>Nicholas K. Dionysopoulos</author>
	<authorEmail>nicholas@dionysopoulos.me</authorEmail>
	<authorUrl>http://www.akeebabackup.com</authorUrl>
	<copyright>Copyright (c)2006-2010 Nicholas K. Dionysopoulos</copyright>
	<license>This component in released under the GNU/GPL v3 or later license</license>
	<version>3.3.13</version>
	<description>Akeeba Backup Core (formerly JoomlaPack) - Full Joomla! site backup solution, Core Edition. Making backup as simple as ABC!</description>

	<!-- Public front end files -->
	<files folder="frontend">
		<filename>akeeba.php</filename>
		<folder>controllers</folder>
		<folder>models</folder>
		<folder>views</folder>
	</files>

	<!-- Front end translation files -->
	<languages folder="language/frontend">
		<language tag="en-GB">en-GB/en-GB.com_akeeba.ini</language>
	</languages>

	<!-- SQL query files to execute on installation -->
	<install>
		<sql>
			<file charset="utf8" driver="mysql">install.sql</file>
			<file driver="mysql">install.mysql4.sql</file>
			<file charset="utf8" driver="mysqli">install.sql</file>
			<file driver="mysqli">install.mysql4.sql</file>
		</sql>
	</install>

	<!-- SQL query files to execute on uninstallation -->
	<uninstall>
		<sql>
			<file charset="utf8" driver="mysql">uninstall.sql</file>
			<file driver="mysql">uninstall.sql</file>
			<file charset="utf8" driver="mysqli">uninstall.sql</file>
			<file driver="mysqli">uninstall.sql</file>
		</sql>
	</uninstall>
	
	<!-- Media files -->
	<media destination="com_akeeba" folder="media">
		<folder>js</folder>
		<folder>theme</folder>
		<folder>icons</folder>
	</media>

	<!-- Administrator back-end section -->
	<administration>
		<!-- Administration menu -->
		<menu view="cpanel"
			img="components/com_akeeba/assets/images/akeeba-16.png">COM_AKEEBA</menu>
		<!--
		<submenu>
			<menu view="backup"
				img="components/com_akeeba/assets/images/backup-16.png">BACKUP_NOW</menu>
			<menu view="config"
				img="components/com_akeeba/assets/images/config-16.png">CONFIGURATION</menu>
			<menu view="buadmin"
				img="components/com_akeeba/assets/images/bufa-16.png">ADMINISTER_BACKUP_FILES</menu>
		</submenu>
		-->

		<!-- Back-end files -->
		<files folder="backend">
			<filename>akeeba.php</filename>
			<filename>install.mysql4.sql</filename>
			<filename>install.sql</filename>
			<filename>uninstall.sql</filename>
			<filename>version.php</filename>
			<filename>config.xml</filename>
			<filename>access.xml</filename>
			<filename>CHANGELOG.php</filename>

			<folder>akeeba</folder>
			<folder>assets</folder>
			<folder>backup</folder>
			<folder>controllers</folder>
			<folder>helpers</folder>
			<folder>liveupdate</folder>
			<folder>models</folder>
			<folder>tables</folder>
			<folder>views</folder>
		</files>

		<!-- Back-end translation files -->
		<languages folder="language/backend">
			<language tag="en-GB">en-GB/en-GB.com_akeeba.ini</language>
			<language tag="en-GB">en-GB/en-GB.com_akeeba.sys.ini</language>
			<language tag="en-GB">en-GB/en-GB.com_akeeba.menu.ini</language>
		</languages>

	</administration>

	<!-- Installation / uninstallation PHP scripts -->
	<installfile>install.akeeba.php</installfile>
	<uninstallfile>uninstall.akeeba.php</uninstallfile>
	<scriptfile>script.akeeba.php</scriptfile>

	<updateservers>
		<server type="extension" priority="1" name="Akeeba Backup Core Updates"><![CDATA[http://nocdn.akeebabackup.com/updates/abcore.xml]]></server>
	</updateservers>

</install>