<?xml version="1.0" encoding="utf-8"?>
<!DOCTYPE install SYSTEM "http://dev.joomla.org/xml/1.5/component-install.dtd">
<install type="component" version="1.5" method="upgrade">
    <name>CategoryBlock</name>
    <author>DesignCompass corp</author>
    <authorEmail>admin@designcompasscorp.com</authorEmail>
    <authorUrl>http://compass.com.pa</authorUrl>
    <copyright>Copyright (C) Design Compass corp. All rights reserved.</copyright>
    <creationDate>January 2011</creationDate>
    <version>1.2.2</version>
    <description>CategoryBlock - Site</description>


    <!-- site part -->
	<installfile>install.categoryblock.php</installfile>
	<uninstallfile>uninstall.categoryblock.php</uninstallfile>

    <menu task="default">CategoryBlock</menu>


    <files folder="site">

		<!-- root -->
		<filename>controller.php</filename>
		<filename>categoryblock.php</filename>
		<filename>router.php</filename>
		<filename>index.html</filename>

		<!-- includes -->
        <filename>includes/render.php</filename>
		<filename>includes/index.html</filename>

		<!-- models -->
        <filename>models/index.html</filename>
		<filename>models/categoryblock.php</filename>
		<filename>models/sectionblock.php</filename>


		<!-- views -->
        <filename>views/index.html</filename>


		<!-- views/categoryblock -->
        <filename>views/categoryblock/index.html</filename>
		<filename>views/categoryblock/view.html.php</filename>


		<!-- views/categoryblock/tmpl -->
        <filename>views/categoryblock/tmpl/default.php</filename>
		<filename>views/categoryblock/tmpl/default.xml</filename>
		<filename>views/categoryblock/tmpl/leadingarticle.php</filename>
		<filename>views/categoryblock/tmpl/leadingarticle.xml</filename>

		<filename>views/categoryblock/tmpl/index.html</filename>

		<!-- views/sectionblock -->
        <filename>views/sectionblock/index.html</filename>
		<filename>views/sectionblock/view.html.php</filename>


		<!-- views/sectionblock /tmpl -->
        <filename>views/sectionblock/tmpl/default.php</filename>
		<filename>views/sectionblock/tmpl/default.xml</filename>
		<filename>views/sectionblock/tmpl/leadingarticle.php</filename>
		<filename>views/sectionblock/tmpl/leadingarticle.xml</filename>

		<filename>views/sectionblock/tmpl/index.html</filename>

    </files>

		<!-- module part -->
	<files folder="modules">
		<filename>module/index.html</filename>
		<filename>module/mod_categoryblock.php</filename>
		<filename>module/mod_categoryblock.xml</filename>
		<filename>module/categoryblock.js</filename>
	</files>

	<languages>
		<!-- site -->
		<language tag="en-GB">languages/site/en-GB.com_categoryblock.ini</language>
		<language tag="es-ES">languages/site/es-ES.com_categoryblock.ini</language>
		<language tag="it-IT">languages/site/it-IT.com_categoryblock.ini</language>
		<language tag="ru-RU">languages/site/ru-RU.com_categoryblock.ini</language>
		<language tag="fr-FR">languages/site/fr-FR.com_categoryblock.ini</language>
		<language tag="de-DE">languages/site/de-DE.com_categoryblock.ini</language>
		<language tag="cs-CZ">languages/site/cs-CZ.com_categoryblock.ini</language>
		<language tag="el-GR">languages/site/el-GR.com_categoryblock.ini</language>

		<!-- module -->
		<language tag="en-GB">languages/module/en-GB.mod_categoryblock.ini</language>
		<language tag="es-ES">languages/module/es-ES.mod_categoryblock.ini</language>
		<language tag="it-IT">languages/module/it-IT.mod_categoryblock.ini</language>
		<language tag="ru-RU">languages/module/ru-RU.mod_categoryblock.ini</language>
		<language tag="fr-FR">languages/module/fr-FR.mod_categoryblock.ini</language>
		<language tag="de-DE">languages/module/de-DE.mod_categoryblock.ini</language>
		<language tag="cs-CZ">languages/module/cs-CZ.mod_categoryblock.ini</language>
		<language tag="el-GR">languages/module/el-GR.mod_categoryblock.ini</language>

		<language tag="zh-CN">languages/site/zh-CN.com_categoryblock.ini</language>
		<language tag="zh-CN">languages/site/zh-CN.mod_categoryblock.ini</language>
		<language tag="zh-TW">languages/site/zh-TW.com_categoryblock.ini</language>
		<language tag="zh-TW">languages/site/zh-TW.mod_categoryblock.ini</language>
	</languages>

	<administration>
		<menu task="default">Category Block</menu>
		<files folder="admin">

		<!-- root -->
			<filename>index.html</filename>
			<filename>categoryblock.php</filename>

			<filename>install.categoryblock.php</filename>
			<filename>uninstall.categoryblock.php</filename>

		<!-- controllers -->

			<filename>controllers/index.html</filename>
			<filename>controllers/docs.php</filename>

		<!-- views -->
			<filename>views/index.html</filename>

		<!-- views/docs -->
			<filename>views/docs/index.html</filename>
			<filename>views/docs/view.html.php</filename>

		<!-- views/doca/tmpl -->
			<filename>views/docs/tmpl/index.html</filename>
			<filename>views/docs/tmpl/default.php</filename>


		</files>

		<languages>
			<language tag="en-GB">languages/admin/en-GB.com_categoryblock.ini</language>
			<language tag="zh-CN">languages/admin/zh-CN.com_categoryblock.ini</language>
			<language tag="zh-TW">languages/admin/zh-TW.com_categoryblock.ini</language>
		</languages>

	</administration>

</install>
