<?xml version="1.0" encoding="utf-8"?>
<install type="module" version="1.5.0">
	<name>Latest Article Plus 1.5</name>
	<author>Caleb Nance</author>
	<creationDate>November 2010</creationDate>
	<copyright></copyright>
	<license>http://www.gnu.org/licenses/gpl-2.0.html GNU/GPL</license>
	<authorEmail>calebnance@gmail.com</authorEmail>
	<authorUrl>www.calebnance.com</authorUrl>
	<version>1.5</version>
	<description>Latest Articles Plus 1.5- A little more functionality added to the Default Latest Article Module, able to show an introtext to the article, limit how long the content that is shown. Also there is a help drop down list of the Category and Section with ID numbers, so you don't have to flip back and forth to write which ones you want to display. They are only for help purposes, they DO NOT select the category and section</description>
	<languages>
		<language tag="zh-CN">zh-CN.mod_cn_latestarticlesplus.ini</language>
		<language tag="zh-TW">zh-TW.mod_cn_latestarticlesplus.ini</language>
	</languages>
	<files>
		<filename module="mod_cn_latestarticlesplus">mod_cn_latestarticlesplus.php</filename>
		<filename>mod_cn_latestarticlesplus.xml</filename>
		<filename>helper.php</filename>
		<filename>index.html</filename>
		<filename>tmpl/default.php</filename>
		<filename>tmpl/index.html</filename>
		<filename>element/categories.php</filename>
		<filename>element/sections.php</filename>
		<filename>element/index.html</filename>
	</files>
	<params addpath="/modules/mod_cn_latestarticlesplus/element">
		<param name="count" type="text" default="5" label="Count" description="The number of items to display (default 5)" />
		<param name="introtext" type="radio" default="1" label="Display Introtext" description="Choose to display introtext or not.">
			<option value="1">Yes</option>
			<option value="0">No</option>
		</param>
		<param name="intro_length" type="text" default="100" label="Intro Text Limit" description="This limits the intro text to a set character limit." />
		<param name="add_dot" type="radio" default="0" label="Add ..." description="Add the ... to the end of each intro text.">
			<option value="1">Yes</option>
			<option value="0">No</option>
		</param>
		<param name="add_rm" type="radio" default="1" label="Add Readmore" description="Add Readmore link to the end of each intro text.">
			<option value="1">Yes</option>
			<option value="0">No</option>
		</param>
		<param name="@spacer1" type="spacer" default="" label="" description="" />
		<param name="created_show" type="radio" default="0" label="Created Date" description="Select either to show created date of article.">
			<option value="1">Yes</option>
			<option value="0">No</option>
		</param>
		<param name="created_by_show" type="radio" default="0" label="Created By" description="Select either to show created by of article.">
			<option value="1">Yes</option>
			<option value="0">No</option>
		</param>
		<param name="title_size" type="list" default="h3" label="Title Tag" description="Select how big you want the title of each article to be.">
			<option value="h1">H1</option>
			<option value="h2">H2</option>
			<option value="h3">H3</option>
			<option value="h4">H4</option>
			<option value="h5">H5</option>
			<option value="12px">Font-size: 12px</option>
			<option value="14px">Font-size: 14px</option>
			<option value="16px">Font-size: 16px</option>
			<option value="18px">Font-size: 18px</option>
			<option value="20px">Font-size: 20px</option>
		</param>
		<param name="use_li" type="radio" default="0" label="Use LI and UL tags" description="Select either the use of UL's and LI's or the select 'No' for div's.">
			<option value="1">Yes</option>
			<option value="0">No</option>
		</param>
		<param name="remove_tags" type="radio" default="1" label="Remove Tags - Img, p, etc." description="This removes all the IMG, P, B, I and any html tags">
			<option value="1">Yes</option>
			<option value="0">No</option>
		</param>
		<param name="@spacer2" type="spacer" default="" label="" description="" />
		<param name="ordering" type="list" default="create_dsc" label="Ordering" description="Ordering options">
			<option value="c_dsc">Recently Added First</option>
			<option value="m_dsc">Recently Modified First</option>
	  	</param>
		<param name="user_id" type="list" default="0" label="Authors" description="A filter for the authors">
			<option value="0">Anyone</option>
			<option value="by_me">Added or modified by me</option>
			<option value="not_me">Not added or modified by me</option>
	  	</param>
		<param name="@spacer3" type="spacer" default="" label="" description="" />
		<param name="show_front" type="radio" default="1" label="Frontpage Items" description="Show Frontpage Items?">
			<option value="1">Show</option>
			<option value="0">Hide</option>
		</param>
		<param name="secid" type="text" default="" label="Section ID" description="Section to display, seperate by commas if more than one. (ex. 1, 2, 5)" />
		<param name="section_help" type="sections"  default="" label="Section ID Look Up" description="This is stictly to show the ID of the Section(s) you want to display, and you enter the id number above, seperated with comas." />
		<param name="catid" type="text" default="" label="Category ID" description="Category to display, seperate by commas if more than one. (ex. 1, 2, 5)" />
        <param name="category_help" type="categories"  default="" label="Category ID Look Up" description="This is stictly to show the ID of the Category you want to display, and you enter the ID number above, seperated with comas." />
		<param name="@spacer4" type="spacer" default="" label="" description="" />
		<param name="moduleclass_sfx" type="text" default="" label="Module Class Suffix" description="Module Suffix for the module class." />
	</params>
	<params group="advanced">
		<param name="cache" type="list" default="1" label="Caching" description="Select whether to cache the content of this module">
			<option value="1">Use global</option>
			<option value="0">No caching</option>
		</param>
		<param name="cache_time" type="text" default="900" label="Cache Time" description="The time before the module is recached" />
	</params>
</install>
