<?xml version="1.0" encoding="utf-8"?>
<install type="module" version="1.5">
	<name>ComingSoon OG</name>
	<author>Nagy Ádám</author>
	<creationDate>2010-09-26</creationDate>
	<copyright>Copyright (C) 2005 - 2008 Open Source Matters. All rights reserved.</copyright>
	<license>http://www.gnu.org/licenses/gpl-2.0.html GNU/GPL</license>
	<authorEmail>info@obolgraf.hu</authorEmail>
	<authorUrl>www.obolgraf.hu</authorUrl>
	<version>1.5.9</version>
	<description>DESCCOMINGSOON_OG</description>
	<languages>
    <language tag="en-GB">en-GB.mod_comingsoon_og.ini</language>
    <language tag="hu-HU">hu-HU.mod_comingsoon_og.ini</language>
    <language tag="zh-CN">zh-CN.mod_comingsoon_og.ini</language>
    <language tag="zh-TW">zh-TW.mod_comingsoon_og.ini</language>
  </languages>
  <files>
    <filename module="mod_comingsoon_og">mod_comingsoon_og.php</filename>
    <filename>index.html</filename>
    <filename>helper.php</filename>
    <filename>tmpl/default.php</filename>
    <filename>tmpl/index.html</filename>
  </files>
	<params>
    <param name="component" type="radio" default="0" label="COMPONENT" description="COMPONENT_DESC">
			<option value="0">CORE</option>
			<option value="1">K2</option>
		</param>
    <param name="mode" type="radio" default="1" label="MODE" description="MODE_DESC">
			<option value="1">LIST</option>
			<option value="2">NEXT_UPDATE</option>
		</param>
    <param name="hide" type="radio" default="1" label="HIDE" description="HIDE_DESC">
			<option value="1">YES</option>
			<option value="0">NO</option>
		</param>
		<param name="alt_title" type="text" default="" label="ALT_TITLE" description="ALT_TITLE_DESC" />
    <param name="count" type="text" default="5" label="COUNT" description="COUNT_DESC" />
		<param name="nothing" type="text" default="" label="NOTHING" description="NOTHINGDESC" />
		<param name="dst" type="radio" default="3600" label="DST" description="DST_DESC">
			<option value="3600">YES</option>
			<option value="0">NO</option>
		</param>
		<param name="@spacer" type="spacer" default="" label="" description="" />
		<param name="show_date" type="radio" default="1" label="SHOWTIME" description="SHOWTIME_DESC">
			<option value="1">YES</option>
			<option value="0">NO</option>
		</param>
		<param name="date_format" type="list" default="%Y. %B %d. %H:%M" label="TIMEFORMAT" description="TIMEFORMAT_DESC">
			<option value="%Y. %B %d. %H:%M:%S">2009. október 20. 13:00:00</option>
			<option value="%Y. %B %d. %H:%M">2009. október 20. 13:00</option>
			<option value="%Y. %B %d.">2009. október 20.</option>
			<option value="%H:%M">13:00</option>
			<option value="%d %B %Y %H:%M">20 October 2009 13:00</option>
			<option value="%d.%m.%y">20.10.09</option>
		</param>
		<param name="own_format" type="text" default="" label="OWN_FORMAT" description="OWN_FORMAT_DESC" />
		<param name="@spacer" type="spacer" default="" label="REM" description="" />
		<param name="show_rem" type="radio" default="1" label="SHOWREM" description="SHOWREM_DESC">
			<option value="1">YES</option>
			<option value="0">NO</option>
		</param>
		<param name="sminutes" type="list" default="1" label="SHOWMINUTES" description="SHOWMINUTES_DESC">
			<option value="1">ALWAYS</option>
			<option value="2">NEVER</option>
			<option value="3">LESS_THEN_1_WEEK</option>
			<option value="4">LESS_THEN_1_DAY</option>
			<option value="5">LESS_THEN_1_HOUR</option>
		</param>
		<param name="@spacer" type="spacer" default="" label="" description="" />
		<param name="ordering" type="list" default="create_dsc" label="ORDERING" description="ORDERING_DESC">
			<option value="m_dsc">BY_PUBLISH_UP</option>
			<option value="c_dsc">BY_NEW</option>
			<option value="c_asc">BY_OLD</option>
	  	</param>
		<param name="user_id" type="list" default="0" label="AUTHORS" description="AUTHORS_DESC">
			<option value="0">ANYONE</option>
			<option value="by_me">Added or modified by me</option>
			<option value="not_me">Not added or modified by me</option>
	  	</param>
		<param name="@spacer" type="spacer" default="" label="" description="" />
		<param name="state" type="list" default="1" label="FILTERBYSTATE" description="FILTERBYSTATE_DESC">
			<option value="1">ONLYPUBLISHED</option>
			<option value="2">ONLYUNPUBLISHED</option>
			<option value="3">ALL</option>
	  	</param>
		<param name="secid" type="text" default="" label="SEC_ID" description="SEC_ID_DESC" />
		<param name="catid" type="text" default="" label="CAT_ID" description="CAT_ID_DESC" />
		<param name="@spacer" type="spacer" default="" label="" description="" />
		<param name="footer" type="radio" default="1" label="BACKLINK" description="BACKLINK_DESC">
			<option value="1">YES</option>
			<option value="0">NO</option>
		</param>
		<param name="footercolor" type="text" default="#cccccc" label="FOOTERLINKCOLOR" description="FOOTERLINKCOLOR" />
		<param name="moduleclass_sfx" type="text" default="" label="Module Class Suffix" description="PARAMMODULECLASSSUFFIX" />
	</params>
	<params group="advanced">
		<param name="cache" type="list" default="1" label="Caching" description="Select whether to cache the content of this module">
			<option value="1">Use global</option>
			<option value="0">No caching</option>
		</param>
		<param name="cache_time" type="text" default="900" label="Cache Time" description="The time before the module is recached" />
	</params>
</install>
