<?xml version="1.0" encoding="utf-8"?>
<install type="module" version="1.5.0">
	<name>Advance Newsflash</name>
	<author>Reza Erauansyah</author>
	<creationDate>June 2010</creationDate>
	<copyright>Copyright (C) 2010 Open Source Matters. All rights reserved.</copyright>
	<license>http://www.gnu.org/licenses/gpl-2.0.html GNU/GPL</license>
	<authorEmail>old_smu17@yahoo.com</authorEmail>
	<authorUrl>www.dynamicwp.net</authorUrl>
	<version>1.0.0</version>
	<description>DESCNEWSFLASH</description>
	<files>
		<filename module="mod_advancenewsflash">mod_advancenewsflash.php</filename>
        <filename>index.html</filename>
        <filename>helper.php</filename>
		<folder>script/</folder>
		<folder>tmpl/</folder>
	</files>
	<languages>
		<language tag="en-GB">language/en-GB/en-GB.mod_advancenewsflash.ini</language>
		<language tag="zh-CN">language/zh-CN/zh-CN.mod_advancenewsflash.ini</language>
		<language tag="zh-TW">language/zh-TW/zh-TW.mod_advancenewsflash.ini</language>
	</languages>
	<params>
		<param name="catid" type="category" default="0" label="Category" description="A content category" />
		<param name="preview_count" type="text" default="75" label="Preview Length" description="Length of characters to show in MooTools preview"/>
		<param name="module_height" type="text" default="130" label="Module height" description="You need to adjust the height of the module so it display correctly."/>
		<param name="link_titles" type="list" default="" label="Linked Titles" description="Make the Item titles linkable">
			<option value="">Use Global</option>
			<option value="0">No</option>
			<option value="1">Yes</option>
		</param>
		<param name="readmore" type="radio" default="0" label="Read More" description="Show/Hide the Read More button">
			<option value="0">Hide</option>
			<option value="1">Show</option>
		</param>
		<param name="item_title" type="list" default="0" label="Article Title" description="Show article title">
			<option value="0">No</option>
			<option value="1">Yes</option>
		</param>
		<param name="items" type="text" default="" label="No. of Items" description="No of items to display" />
		<param name="moduleclass_sfx" type="text" default="" label="Module Class Suffix" description="PARAMMODULECLASSSUFFIX" />
	</params>
	<params group="advanced">
		<param name="cache" type="list" default="0" label="Caching" description="Select whether to cache the content of this module">
			<option value="1">Use global</option>
			<option value="0">No caching</option>
		</param>
		<param name="cache_time" type="text" default="900" label="Cache Time" description="The time before the module is recached" />
	</params>
</install>
