<?xml version="1.0" encoding="UTF-8"?>
<!--
	System Restore Point definition for Akeeba Release System by AkeebaBackup.com
	
	Copyright ©2011 Nicholas K. Dionysopoulos / AkeebaBackup.com
	License: GNU General Public License version 3, or later
-->
<restorepoint>
	<customdirs>
		<dir>modules/mod_arsdlid</dir>
		<dir>modules/mod_arsdownloads</dir>
		<dir>plugins/ars/tainting</dir>
	</customdirs>
	<customfiles>
		<file>plugins/ars/tainting.php</file>
		<file>plugins/ars/tainting.xml</file>
	</customfiles>
	<langfiles>
		<lang>mod_arsdlid</lang>
		<lang>mod_arsdownloads</lang>
		<lang>plg_ars_tainting</lang>
	</langfiles>
</restorepoint>