<?xml version="1.0" encoding="utf-8"?>
<install version="1.5" type="module" method="upgrade">
    <name>Category Block</name>
    <author>Design Compass corp</author>
    <creationDate>December 2010</creationDate>
    <copyright>Copyright (C) 2010 DesignCompassCorp. All rights reserved.</copyright>
    <license>GNU General Public License</license>
    <authorEmail>admin@designcompasscorp.com</authorEmail>
    <authorUrl>http://www.designcompasscorp.com/</authorUrl>
    <version>1.1.4</version>
    <description>A component to show categories as readmore blocks.</description>
    <files>
        <filename module="mod_categoryblock">mod_categoryblock.php</filename>
        <filename>mod_categoryblock.xml</filename>
    </files>
	
    <params label="Parameters" >
			<param name="catid" type="category" label="Category" description="Choose a category..." />
			

	        <param type="text" name="columns" default="1" label="number of columns" description="" />
			<param type="text" name="padding" default="5" label="padding" description="" />
			
			
			<param type="list" name="orderby" default="" label="Order By" description="The field to order by" >
				<option value="created">Creation Date</option>
				<option value="modified">Modification Date</option>
				<option value="title">Title</option>
				
			</param>
			
			<param type="radio" name="orderdirection" default="" label="Order Direction" description="" >
				<option value="">Ascending</option>
				<option value="desc">Descending</option>
			</param>
		
			<param type="text" name="limit" default="5" label="Limit" description="Number of articles" />
			<param type="text" name="skipnarticles" default="0" label="Skip N Articles" description="Number of first articles to skip." />
				
		
			<param type="list" name="blocklayout" default="2" label="Layout" description="" >
				<option value="0">Horizontal</option>
				<option value="1">Vertical</option>
				<option value="2">Text Wrap</option>
				
			</param>
			<param type="text" name="wordcount" default="50" label="Description Word count" description="Type 0 to hide description completely." />
			
			<!--<param type="list" name="textalign" default="left" label="Text Align" description="" >
				<option value="left">Left</option>
				<option value="center">Center</option>
				<option value="right">Right</option>
				<option value="justify">Justify</option>
			</param>-->
			
			<param type="text" name="imagewidth" default="100" label="Image Width in Pixels" description="Set width to 0 to desable image." />
			<param type="text" name="imageheight" default="100" label="Image Height (crop) in Pixels" description="" />
						
			
			
			<param type="text" name="modulecssstyle" default="" label="Module CSS Style" description="example: background-color:#ffffff;" />
			<param type="text" name="blockcssstyle" default="" label="Block CSS Style" description="example: background-color:#ffffff;" />
			
			<param type="radio" name="showarticletitle" default="1" label="Show Title" description="" >
				<option value="1">Yes</option>
				<option value="0">No</option>
			</param>
			
			<param type="text" name="titlecssstyle" default="font-weight:bold;" label="Title CSS Style" description="example: font-weight:bold;" />
			<param type="text" name="imagecssstyle" default="padding:5px;" label="Image CSS Style" description="example: padding:5px;" />
			<param type="text" name="descriptioncssstyle" default="" label="Description CSS Style" description="" />
			<param type="text" name="datecssstyle" default="" label="Creation Date CSS Style" description="" />
						
			<param type="list" name="showcreationdate" default="1" label="Show Creation Date" description="" >
				<option value="1">Yes</option>
				<option value="0">No</option>
			</param>
			
			
			<param type="radio" name="showreadmore" default="1" label="Read More..." description="Show Read More... link" >
				<option value="1">Yes</option>
				<option value="0">No</option>
			</param>
			
			<param type="list" name="gotocomment" default="1" label="Show Link to Comments" description="If you have comment's extension installed." >
				<option value="1">Yes</option>
				<option value="0">No</option>
			</param>
			
			<!-- <param type="list" name="pagination" default="1" label="Pagination" description="" >
				<option value="0">No</option>
				<option value="1">On Bottom</option>
				<option value="2">On Top</option>
				<option value="3">On Bottom and Top</option>
			</param> -->
			
			<param type="text" name="customitemid" default="0" label="Open an Article with custom ItemId" description="if not set then it will be opened with parent Itemid" />
				
			
			<param type="text" name="modulewidth" default="200" label="Module Width (px)" description="example 200" />
			<param type="text" name="moduleheight" default="300" label="Module Height (px)" description="0 to make height variable, example: 300" />
			
			<param type="list" name="overflow" default="scroll" label="Overflow" description="What to do when content is too big (wide or tall to fit the area)" >
				<option value="scroll">Scroll Both</option>
				<option value="scroll-x">Horizontal Scroll</option>
				<option value="scroll-y">Vertical Scroll</option>
				<option value="autoflow-slow">Auto Flow - Slow</option>
				<option value="autoflow-normal">Auto Flow - Normal</option>
				<option value="autoflow-fast">Auto Flow - Fast</option>
				
			</param>
			
			<param type="list" name="cleanbraces" default="0" label="Clean Braces" description="Clean everything inside braces {} " >
				<option value="1">Yes</option>
				<option value="0">No</option>
			</param>
			
			<param type="text" name="dateformat" default="" label="Date Format" description="Use PHP date format, or leave it black to use Joomla default." />
			
		</params>
</install>