<?xml version="1.0" encoding="utf-8"?>
<install type="acesearch_ext" version="1.5.0" method="upgrade">
	<name>Content</name>
	<author>JoomAce LLC</author>
	<creationDate>April 2011</creationDate>
	<copyright>(C) 2009-2011 JoomAce LLC</copyright>
	<license>GNU/GPL http://www.gnu.org/copyleft/gpl.html</license>
	<authorEmail>info@joomace.net</authorEmail>
	<authorUrl>www.joomace.net</authorUrl>
	<version>1.5.3</version>
	<description>Content (Articles) extension for AceSearch.</description>
	<client>2</client>
	<files>
		<filename acesearch_ext="com_content">com_content.php</filename>
	</files>
	<params group="extension">
		<param name="search_categories" type="radio" default="1" label="COM_ACESEARCH_PARAMS_SEARCH_CATEGORIES" description="COM_ACESEARCH_PARAMS_SEARCH_CATEGORIES_HELP">
			<option value="0">NO</option>
			<option value="1">YES</option>
		</param>
		<param name="search_uncategorised" type="radio" default="1" label="Search uncategorised articles" description="Select Yes if you want to search uncategorised atricles.">
			<option value="0">NO</option>
			<option value="1">YES</option>
		</param>
		<param type="spacer" default="" />
		<param name="category" type="radio" default="1" label="COM_ACESEARCH_PARAMS_CATEGORY" description="COM_ACESEARCH_PARAMS_CATEGORY_HELP">
			<option value="0">NO</option>
			<option value="1">YES</option>
		</param>
		<param name="user" type="radio" default="1" label="COM_ACESEARCH_FIELDS_AUTHOR" description="COM_ACESEARCH_PARAMS_FIELD_HELP">
			<option value="0">NO</option>
			<option value="1">YES</option>
		</param>
		<param name="days" type="radio" default="1" label="COM_ACESEARCH_FIELDS_DAYS" description="COM_ACESEARCH_PARAMS_FIELD_HELP">
			<option value="0">NO</option>
			<option value="1">YES</option>
		</param>
		<param name="daterange" type="radio" default="1" label="COM_ACESEARCH_FIELDS_DATE_RANGE" description="COM_ACESEARCH_PARAMS_FIELD_HELP">
			<option value="0">NO</option>
			<option value="1">YES</option>
		</param>
		<param name="name" type="list" default="1" label="COM_ACESEARCH_FIELDS_TITLE" description="COM_ACESEARCH_PARAMS_FIELD_HELP">
			<option value="0">NO</option>
			<option value="1">YES</option>
			<option value="2">COM_ACESEARCH_PARAMS_YES_BUT_HIDE</option>
		</param>
		<param name="description" type="list" default="1" label="COM_ACESEARCH_FIELDS_DESC" description="COM_ACESEARCH_PARAMS_FIELD_HELP">
			<option value="0">NO</option>
			<option value="1">YES</option>
			<option value="2">COM_ACESEARCH_PARAMS_YES_BUT_HIDE</option>
		</param>
	</params>
    <params group="properties">
		<param name="show_section" type="radio" default="1" label="COM_ACESEARCH_PARAMS_PROPERTIES_SECTION" description="COM_ACESEARCH_PARAMS_FIELD_HELP">
			<option value="0">NO</option>
			<option value="1">YES</option>
		</param>
		<param name="show_category" type="radio" default="1" label="COM_ACESEARCH_PARAMS_PROPERTIES_CATEGORY" description="COM_ACESEARCH_PARAMS_FIELD_HELP">
			<option value="0">NO</option>
			<option value="1">YES</option>
		</param>
		<param name="show_date" type="radio" default="1" label="COM_ACESEARCH_PARAMS_PROPERTIES_DATE" description="COM_ACESEARCH_PARAMS_FIELD_HELP">
			<option value="0">NO</option>
			<option value="1">YES</option>
		</param>
		<param name="show_hits" type="radio" default="1" label="COM_ACESEARCH_PARAMS_PROPERTIES_HITS" description="COM_ACESEARCH_PARAMS_FIELD_HELP">
			<option value="0">NO</option>
			<option value="1">YES</option>
		</param>
     </params>
	<fields>
		<field client="2" name="category" 	 type="category"  jtext="COM_ACESEARCH_FIELDS_CATEGORY" filter="1"/>
		<field client="2" name="user" 	     type="text" 	  jtext="COM_ACESEARCH_FIELDS_AUTHOR"/>
		<field client="2" name="days" 	  	 type="days" 	  jtext="COM_ACESEARCH_FIELDS_DAYS" />
		<field client="2" name="daterange" 	 type="daterange" jtext="COM_ACESEARCH_FIELDS_DATE_RANGE" />
		<field client="2" name="name" 		 type="checkbox"  jtext="COM_ACESEARCH_FIELDS_TITLE" value="1"/>
		<field client="2" name="description" type="checkbox"  jtext="COM_ACESEARCH_FIELDS_DESC" value="1"/>
	</fields>
</install>